-- ─────────────────────────────────────────────────────────────────────────
-- Fritz Calculadora — Seed de datos mock
-- Generado con: npx tsx scripts/generate-seed.ts > supabase/seed.sql
--
-- Para borrar datos mock cuando lleguen los datos reales:
--   truncate table public.monthly_entries;
-- ─────────────────────────────────────────────────────────────────────────

-- REGIONS
insert into public.regions (id, name, slug) values
  ('1', 'Capital', 'capital'),
  ('2', 'Oriente', 'oriente'),
  ('3', 'Centro', 'centro'),
  ('4', 'Centro Occidente', 'centrooccidente'),
  ('5', 'Occidente', 'occidente'),
  ('6', 'Andes', 'andes')
on conflict (id) do nothing;

-- DISTRIBUTORS
insert into public.distributors (id, region_id, name, slug, status, email) values
  ('d1', '1', 'DIFRITZ', 'difritz', 'active', 'difritz@example.com'),
  ('d2', '1', 'Costa Norte', 'costa-norte', 'active', 'costanorte@example.com'),
  ('d3', '1', 'Gran Atlántico', 'gran-atlantico', 'active', 'granatlantico@example.com'),
  ('d4', '1', 'Arocha', 'arocha', 'active', 'arocha@example.com'),
  ('d5', '2', 'Grupo Sonreír', 'grupo-sonreir', 'active', 'gruposonreir@example.com'),
  ('d6', '2', 'Di Santino', 'di-santino', 'active', 'disantino@example.com'),
  ('d7', '2', 'El Novillo', 'el-novillo', 'active', 'elnovillo@example.com'),
  ('d8', '2', 'MAYAM', 'mayam', 'paused', 'mayam@example.com'),
  ('d9', '2', 'NRJ', 'nrj', 'active', 'nrj@example.com'),
  ('d10', '2', 'MAXITORQUE', 'maxitorque', 'active', 'maxitorque@example.com'),
  ('d11', '2', 'ZOZO', 'zozo', 'active', 'zozo@example.com'),
  ('d12', '2', 'F&S Distribución', 'fys-distribucion', 'active', 'fysdistribucion@example.com'),
  ('d13', '2', 'F&S Oriente', 'fys-oriente', 'active', 'fysoriente@example.com'),
  ('d14', '2', 'DISTRIMAX', 'distrimax', 'active', 'distrimax@example.com'),
  ('d15', '2', 'JJM', 'jjm', 'active', 'jjm@example.com'),
  ('d16', '2', 'Todo Sur', 'todo-sur', 'active', 'todosur@example.com'),
  ('d17', '2', 'Los Samanes', 'los-samanes', 'active', 'lossamanes@example.com'),
  ('d18', '2', 'Excelencia OLA', 'excelencia-ola', 'paused', 'excelenciaola@example.com'),
  ('d19', '2', 'Distribuidora JM', 'distribuidora-jm', 'active', 'distribuidorajm@example.com'),
  ('d20', '3', 'DIMONCA', 'dimonca', 'active', 'dimonca@example.com'),
  ('d21', '3', 'ROMAR R&B', 'romar-rb', 'active', 'romarrb@example.com'),
  ('d22', '3', 'AGROD Don Manuel', 'agrod-don-manuel', 'active', 'agroddonmanuel@example.com'),
  ('d23', '3', 'MARIMAR', 'marimar', 'active', 'marimar@example.com'),
  ('d24', '3', 'DELILUSO', 'deliluso', 'active', 'deliluso@example.com'),
  ('d25', '3', 'TRALODI', 'tralodi', 'active', 'tralodi@example.com'),
  ('d26', '4', 'La Campirana', 'la-campirana', 'active', 'lacampirana@example.com'),
  ('d27', '4', 'VIVELAC', 'vivelac', 'active', 'vivelac@example.com'),
  ('d28', '4', 'LOARI', 'loari', 'active', 'loari@example.com'),
  ('d29', '4', 'Koach', 'koach', 'active', 'koach@example.com'),
  ('d30', '4', 'Uno Plus Distribuciones', 'uno-plus', 'active', 'unoplus@example.com'),
  ('d31', '4', 'Distribuidora Yonlui', 'yonlui', 'active', 'yonlui@example.com'),
  ('d32', '4', 'Comercializadora Cianfar', 'cianfar', 'active', 'cianfar@example.com'),
  ('d33', '5', 'Hechos Distribuciones', 'hechos-distribuciones', 'active', 'hechos@example.com'),
  ('d34', '5', 'RIVEGA Falcón', 'rivega-falcon', 'active', 'rivega@example.com'),
  ('d35', '5', 'Corp. Alimentos El Mene', 'el-mene', 'active', 'elmene@example.com'),
  ('d36', '5', 'Alimentos Luna', 'alimentos-luna', 'active', 'alimentosluna@example.com'),
  ('d37', '5', 'Inversiones Doña Dila', 'dona-dila', 'active', 'donadila@example.com'),
  ('d38', '5', 'COROCCIDENTAL', 'coroccidental', 'active', 'coroccidental@example.com'),
  ('d39', '5', 'Maxi Distribuciones Paraguaná', 'maxi-paraguana', 'paused', 'maxiparaguana@example.com'),
  ('d40', '6', 'Distribuidora Doña Teresita', 'dona-teresita', 'active', 'donateresita@example.com'),
  ('d41', '6', 'DALANMAR', 'dalanmar', 'active', 'dalanmar@example.com'),
  ('d42', '6', 'ANDASEB', 'andaseb', 'active', 'andaseb@example.com'),
  ('d43', '6', 'Distribuidora Andalucía', 'andalucia', 'active', 'andalucia@example.com'),
  ('d44', '6', 'ARASIMPORT', 'arasimport', 'active', 'arasimport@example.com'),
  ('d45', '6', 'TATOOS EXPRESS', 'tatoos-express', 'active', 'tatoosexpress@example.com'),
  ('d46', '6', 'DISERMAT', 'disermat', 'active', 'disermat@example.com')
on conflict (id) do nothing;

-- MONTHLY_ENTRIES
insert into public.monthly_entries (
  id, distributor_id, period_year, period_month,
  total_cartera, pct_activacion, pct_clientes_fritz,
  pct_incremento_activos, pct_incremento_fritz,
  total_skus_fritz, pct_incremento_skus,
  cajas_promedio, pct_incremento_sell_out,
  num_vendedores, pct_incremento_vendedores,
  margen_ganancia, rebate,
  comentarios,
  meta_activacion, meta_fritz, meta_skus, meta_cajas
) values
  (
    'd1-2025-9', 'd1', 2025, 9,
    1171, 0.61, 0.69,
    0.31, 0.33,
    32, 1.15,
    4651, 0.49,
    12, 0.17,
    0.12, 0.01,
    '',
    0.76, 0.7899999999999999, null, null
  ),
  (
    'd1-2025-10', 'd1', 2025, 10,
    1458, 0.9, 0.78,
    0.14, 0.31,
    22, 1.2,
    3847, 0.33,
    7, 0.21,
    0.2, 0.01,
    '',
    1.05, 0.88, null, null
  ),
  (
    'd1-2025-11', 'd1', 2025, 11,
    929, 0.85, 0.79,
    0.3, 0.11,
    40, 0.79,
    19416, 0.31,
    5, 0.26,
    0.11, 0.01,
    '',
    1, 0.89, null, null
  ),
  (
    'd1-2026-1', 'd1', 2026, 1,
    1052, 0.89, 0.99,
    0.14, 0.27,
    23, 1.21,
    9983, 0.19,
    13, 0.16,
    0.15, 0.01,
    '',
    1.04, 1.09, null, null
  ),
  (
    'd1-2026-2', 'd1', 2026, 2,
    1397, 0.62, 0.45,
    0.18, 0.25,
    43, 1.4,
    2818, 0.27,
    8, 0.32,
    0.12, 0.01,
    '',
    0.77, 0.55, null, null
  ),
  (
    'd2-2025-9', 'd2', 2025, 9,
    420, 0.7, 0.49,
    0.31, 0.24,
    36, 0.84,
    3528, 0.27,
    14, 0.22,
    0.13, 0.01,
    '',
    0.85, 0.59, null, null
  ),
  (
    'd2-2025-10', 'd2', 2025, 10,
    2475, 0.65, 0.62,
    0.25, 0.37,
    27, 1.14,
    3334, 0.2,
    13, 0.34,
    0.16, 0.01,
    '',
    0.8, 0.72, null, null
  ),
  (
    'd2-2025-11', 'd2', 2025, 11,
    1226, 0.62, 0.57,
    0.17, 0.31,
    30, 1.44,
    21998, 0.18,
    6, 0.32,
    0.1, 0.01,
    '',
    0.77, 0.6699999999999999, null, null
  ),
  (
    'd2-2026-1', 'd2', 2026, 1,
    2120, 0.74, 0.91,
    0.17, 0.23,
    19, 0.89,
    12224, 0.15,
    9, 0.38,
    0.17, 0.01,
    '',
    0.89, 1.01, null, null
  ),
  (
    'd2-2026-2', 'd2', 2026, 2,
    2367, 0.79, 0.99,
    0.3, 0.15,
    28, 0.68,
    7723, 0.18,
    6, 0.1,
    0.18, 0.01,
    '',
    0.9400000000000001, 1.09, null, null
  ),
  (
    'd3-2025-9', 'd3', 2025, 9,
    1112, 0.78, 0.98,
    0.29, 0.39,
    53, 1.37,
    11022, 0.29,
    14, 0.31,
    0.1, 0.01,
    '',
    0.93, 1.08, null, null
  ),
  (
    'd3-2025-10', 'd3', 2025, 10,
    459, 0.64, 0.41,
    0.25, 0.16,
    23, 0.77,
    17426, 0.5,
    12, 0.18,
    0.16, 0.01,
    '',
    0.79, 0.51, null, null
  ),
  (
    'd3-2025-11', 'd3', 2025, 11,
    2322, 0.55, 0.73,
    0.27, 0.29,
    36, 1.28,
    4383, 0.44,
    7, 0.28,
    0.16, 0.01,
    '',
    0.7000000000000001, 0.83, null, null
  ),
  (
    'd3-2026-1', 'd3', 2026, 1,
    2017, 0.8, 0.8,
    0.17, 0.28,
    27, 0.62,
    9072, 0.27,
    7, 0.27,
    0.15, 0.01,
    '',
    0.9500000000000001, 0.9, null, null
  ),
  (
    'd3-2026-2', 'd3', 2026, 2,
    1535, 0.46, 0.62,
    0.16, 0.32,
    23, 1.3,
    21675, 0.32,
    10, 0.14,
    0.15, 0.01,
    '',
    0.61, 0.72, null, null
  ),
  (
    'd4-2025-9', 'd4', 2025, 9,
    2221, 0.8, 0.77,
    0.31, 0.15,
    25, 1.32,
    14184, 0.17,
    10, 0.13,
    0.17, 0.01,
    '',
    0.9500000000000001, 0.87, null, null
  ),
  (
    'd4-2025-10', 'd4', 2025, 10,
    2437, 0.53, 0.92,
    0.12, 0.41,
    31, 1.49,
    7444, 0.35,
    10, 0.22,
    0.11, 0.01,
    '',
    0.68, 1.02, null, null
  ),
  (
    'd4-2025-11', 'd4', 2025, 11,
    1038, 0.47, 0.76,
    0.25, 0.43,
    47, 1.38,
    21358, 0.18,
    9, 0.2,
    0.17, 0.01,
    '',
    0.62, 0.86, null, null
  ),
  (
    'd4-2026-1', 'd4', 2026, 1,
    2077, 0.65, 0.99,
    0.28, 0.24,
    30, 1.49,
    10302, 0.43,
    13, 0.34,
    0.11, 0.01,
    '',
    0.8, 1.09, null, null
  ),
  (
    'd4-2026-2', 'd4', 2026, 2,
    1489, 0.47, 0.96,
    0.11, 0.21,
    45, 0.73,
    9783, 0.33,
    11, 0.39,
    0.15, 0.01,
    '',
    0.62, 1.06, null, null
  ),
  (
    'd5-2025-9', 'd5', 2025, 9,
    1801, 0.84, 0.6,
    0.21, 0.19,
    19, 0.65,
    12339, 0.38,
    7, 0.33,
    0.17, 0.01,
    '',
    0.99, 0.7, null, null
  ),
  (
    'd5-2025-10', 'd5', 2025, 10,
    1783, 0.49, 0.99,
    0.3, 0.26,
    23, 1.32,
    21547, 0.43,
    9, 0.21,
    0.12, 0.01,
    '',
    0.64, 1.09, null, null
  ),
  (
    'd5-2025-11', 'd5', 2025, 11,
    1992, 0.55, 0.64,
    0.23, 0.29,
    16, 1.45,
    24203, 0.27,
    13, 0.38,
    0.11, 0.01,
    '',
    0.7000000000000001, 0.74, null, null
  ),
  (
    'd5-2026-1', 'd5', 2026, 1,
    1086, 0.57, 0.69,
    0.19, 0.4,
    27, 1.03,
    20300, 0.45,
    14, 0.36,
    0.17, 0.01,
    '',
    0.72, 0.7899999999999999, null, null
  ),
  (
    'd5-2026-2', 'd5', 2026, 2,
    1705, 0.8, 0.42,
    0.18, 0.5,
    28, 1.1,
    11313, 0.27,
    14, 0.17,
    0.13, 0.01,
    '',
    0.9500000000000001, 0.52, null, null
  ),
  (
    'd6-2025-9', 'd6', 2025, 9,
    1934, 0.84, 0.5,
    0.21, 0.17,
    25, 1.32,
    17541, 0.25,
    14, 0.22,
    0.15, 0.01,
    '',
    0.99, 0.6, null, null
  ),
  (
    'd6-2025-10', 'd6', 2025, 10,
    405, 0.62, 0.75,
    0.29, 0.4,
    36, 1.06,
    16845, 0.2,
    10, 0.15,
    0.17, 0.01,
    '',
    0.77, 0.85, null, null
  ),
  (
    'd6-2025-11', 'd6', 2025, 11,
    1202, 0.78, 0.52,
    0.33, 0.29,
    19, 1.49,
    4318, 0.43,
    14, 0.15,
    0.18, 0.01,
    '',
    0.93, 0.62, null, null
  ),
  (
    'd6-2026-1', 'd6', 2026, 1,
    417, 0.85, 0.42,
    0.13, 0.24,
    25, 0.85,
    7572, 0.28,
    15, 0.33,
    0.13, 0.01,
    '',
    1, 0.52, null, null
  ),
  (
    'd6-2026-2', 'd6', 2026, 2,
    459, 0.8, 0.81,
    0.27, 0.11,
    48, 0.79,
    11723, 0.16,
    9, 0.3,
    0.18, 0.01,
    '',
    0.9500000000000001, 0.91, null, null
  ),
  (
    'd7-2025-9', 'd7', 2025, 9,
    2095, 0.54, 0.43,
    0.31, 0.48,
    32, 1.11,
    10548, 0.21,
    14, 0.34,
    0.13, 0.01,
    '',
    0.6900000000000001, 0.53, null, null
  ),
  (
    'd7-2025-10', 'd7', 2025, 10,
    1664, 0.7, 0.83,
    0.29, 0.41,
    48, 0.89,
    10110, 0.21,
    6, 0.23,
    0.15, 0.01,
    '',
    0.85, 0.9299999999999999, null, null
  ),
  (
    'd7-2025-11', 'd7', 2025, 11,
    1339, 0.86, 0.57,
    0.24, 0.38,
    43, 0.71,
    21285, 0.23,
    7, 0.14,
    0.14, 0.01,
    '',
    1.01, 0.6699999999999999, null, null
  ),
  (
    'd7-2026-1', 'd7', 2026, 1,
    1801, 0.83, 0.49,
    0.11, 0.42,
    29, 1.25,
    10544, 0.37,
    9, 0.31,
    0.16, 0.01,
    '',
    0.98, 0.59, null, null
  ),
  (
    'd7-2026-2', 'd7', 2026, 2,
    1426, 0.62, 0.56,
    0.24, 0.36,
    42, 1.04,
    1930, 0.2,
    8, 0.11,
    0.13, 0.01,
    '',
    0.77, 0.66, null, null
  ),
  (
    'd8-2025-9', 'd8', 2025, 9,
    2241, 0.73, 0.58,
    0.14, 0.43,
    44, 1.26,
    14765, 0.3,
    11, 0.26,
    0.18, 0.01,
    '',
    0.88, 0.6799999999999999, null, null
  ),
  (
    'd8-2025-10', 'd8', 2025, 10,
    1196, 0.87, 0.65,
    0.19, 0.18,
    20, 0.79,
    23188, 0.25,
    11, 0.12,
    0.11, 0.01,
    '',
    1.02, 0.75, null, null
  ),
  (
    'd8-2025-11', 'd8', 2025, 11,
    2409, 0.49, 0.89,
    0.31, 0.37,
    31, 1.41,
    2253, 0.26,
    8, 0.34,
    0.14, 0.01,
    '',
    0.64, 0.99, null, null
  ),
  (
    'd8-2026-1', 'd8', 2026, 1,
    530, 0.57, 0.47,
    0.34, 0.26,
    33, 1.18,
    5364, 0.37,
    11, 0.37,
    0.17, 0.01,
    '',
    0.72, 0.57, null, null
  ),
  (
    'd8-2026-2', 'd8', 2026, 2,
    1050, 0.55, 0.84,
    0.13, 0.4,
    50, 1.31,
    19375, 0.25,
    12, 0.23,
    0.18, 0.01,
    '',
    0.7000000000000001, 0.94, null, null
  ),
  (
    'd9-2025-9', 'd9', 2025, 9,
    1539, 0.67, 0.7,
    0.15, 0.48,
    39, 1.06,
    11515, 0.43,
    13, 0.39,
    0.2, 0.01,
    '',
    0.8200000000000001, 0.7999999999999999, null, null
  ),
  (
    'd9-2025-10', 'd9', 2025, 10,
    1937, 0.63, 0.71,
    0.2, 0.16,
    20, 1.23,
    11864, 0.44,
    10, 0.24,
    0.19, 0.01,
    '',
    0.78, 0.8099999999999999, null, null
  ),
  (
    'd9-2025-11', 'd9', 2025, 11,
    474, 0.55, 0.9,
    0.35, 0.44,
    32, 1.48,
    6677, 0.39,
    5, 0.33,
    0.16, 0.01,
    '',
    0.7000000000000001, 1, null, null
  ),
  (
    'd9-2026-1', 'd9', 2026, 1,
    2128, 0.88, 0.77,
    0.33, 0.17,
    28, 1.4,
    11410, 0.32,
    10, 0.28,
    0.16, 0.01,
    '',
    1.03, 0.87, null, null
  ),
  (
    'd9-2026-2', 'd9', 2026, 2,
    1963, 0.52, 0.7,
    0.29, 0.47,
    27, 1.33,
    14210, 0.5,
    13, 0.12,
    0.13, 0.01,
    '',
    0.67, 0.7999999999999999, null, null
  ),
  (
    'd10-2025-9', 'd10', 2025, 9,
    904, 0.46, 0.45,
    0.11, 0.4,
    32, 0.78,
    13708, 0.2,
    14, 0.14,
    0.15, 0.01,
    '',
    0.61, 0.55, null, null
  ),
  (
    'd10-2025-10', 'd10', 2025, 10,
    2066, 0.49, 0.89,
    0.18, 0.31,
    49, 1.41,
    12371, 0.49,
    6, 0.35,
    0.14, 0.01,
    '',
    0.64, 0.99, null, null
  ),
  (
    'd10-2025-11', 'd10', 2025, 11,
    2051, 0.7, 0.94,
    0.33, 0.3,
    53, 0.82,
    18257, 0.46,
    14, 0.28,
    0.12, 0.01,
    '',
    0.85, 1.04, null, null
  ),
  (
    'd10-2026-1', 'd10', 2026, 1,
    482, 0.53, 0.87,
    0.33, 0.34,
    52, 0.92,
    11783, 0.38,
    6, 0.1,
    0.13, 0.01,
    '',
    0.68, 0.97, null, null
  ),
  (
    'd10-2026-2', 'd10', 2026, 2,
    2306, 0.65, 0.92,
    0.1, 0.42,
    27, 0.98,
    12992, 0.36,
    15, 0.19,
    0.11, 0.01,
    '',
    0.8, 1.02, null, null
  ),
  (
    'd11-2025-9', 'd11', 2025, 9,
    1973, 0.77, 0.5,
    0.2, 0.23,
    15, 1.18,
    23182, 0.18,
    10, 0.11,
    0.18, 0.01,
    '',
    0.92, 0.6, null, null
  ),
  (
    'd11-2025-10', 'd11', 2025, 10,
    1844, 0.81, 0.53,
    0.21, 0.38,
    27, 1.33,
    23508, 0.18,
    9, 0.19,
    0.1, 0.01,
    '',
    0.9600000000000001, 0.63, null, null
  ),
  (
    'd11-2025-11', 'd11', 2025, 11,
    2216, 0.73, 0.58,
    0.25, 0.18,
    49, 1.45,
    17538, 0.4,
    14, 0.34,
    0.12, 0.01,
    '',
    0.88, 0.6799999999999999, null, null
  ),
  (
    'd11-2026-1', 'd11', 2026, 1,
    2160, 0.76, 0.71,
    0.23, 0.48,
    43, 1.14,
    3056, 0.44,
    15, 0.22,
    0.19, 0.01,
    '',
    0.91, 0.8099999999999999, null, null
  ),
  (
    'd11-2026-2', 'd11', 2026, 2,
    1418, 0.71, 0.65,
    0.19, 0.49,
    42, 0.63,
    10218, 0.35,
    9, 0.15,
    0.19, 0.01,
    '',
    0.86, 0.75, null, null
  ),
  (
    'd12-2025-9', 'd12', 2025, 9,
    685, 0.54, 0.51,
    0.14, 0.44,
    18, 0.84,
    21918, 0.26,
    5, 0.12,
    0.12, 0.01,
    '',
    0.6900000000000001, 0.61, null, null
  ),
  (
    'd12-2025-10', 'd12', 2025, 10,
    2045, 0.69, 0.47,
    0.2, 0.1,
    24, 1.23,
    6835, 0.3,
    6, 0.16,
    0.1, 0.01,
    '',
    0.84, 0.57, null, null
  ),
  (
    'd12-2025-11', 'd12', 2025, 11,
    1767, 0.74, 0.71,
    0.31, 0.42,
    34, 0.56,
    1249, 0.49,
    13, 0.38,
    0.1, 0.01,
    '',
    0.89, 0.8099999999999999, null, null
  ),
  (
    'd12-2026-1', 'd12', 2026, 1,
    905, 0.62, 0.43,
    0.15, 0.28,
    36, 0.62,
    11784, 0.24,
    11, 0.3,
    0.13, 0.01,
    '',
    0.77, 0.53, null, null
  ),
  (
    'd12-2026-2', 'd12', 2026, 2,
    1244, 0.7, 0.73,
    0.3, 0.25,
    47, 1.29,
    1621, 0.2,
    6, 0.21,
    0.18, 0.01,
    '',
    0.85, 0.83, null, null
  ),
  (
    'd13-2025-9', 'd13', 2025, 9,
    754, 0.74, 0.56,
    0.23, 0.49,
    41, 1.22,
    3429, 0.18,
    13, 0.39,
    0.16, 0.01,
    '',
    0.89, 0.66, null, null
  ),
  (
    'd13-2025-10', 'd13', 2025, 10,
    2004, 0.57, 0.91,
    0.11, 0.19,
    41, 1.46,
    9022, 0.17,
    9, 0.23,
    0.13, 0.01,
    '',
    0.72, 1.01, null, null
  ),
  (
    'd13-2025-11', 'd13', 2025, 11,
    461, 0.78, 0.63,
    0.23, 0.11,
    33, 1.27,
    15368, 0.16,
    5, 0.15,
    0.15, 0.01,
    '',
    0.93, 0.73, null, null
  ),
  (
    'd13-2026-1', 'd13', 2026, 1,
    1271, 0.68, 0.5,
    0.21, 0.35,
    24, 0.62,
    3705, 0.27,
    8, 0.18,
    0.12, 0.01,
    '',
    0.8300000000000001, 0.6, null, null
  ),
  (
    'd13-2026-2', 'd13', 2026, 2,
    2226, 0.51, 0.5,
    0.11, 0.35,
    34, 0.65,
    8263, 0.37,
    14, 0.12,
    0.11, 0.01,
    '',
    0.66, 0.6, null, null
  ),
  (
    'd14-2025-9', 'd14', 2025, 9,
    994, 0.47, 0.71,
    0.22, 0.33,
    54, 1.41,
    15368, 0.47,
    9, 0.31,
    0.1, 0.01,
    '',
    0.62, 0.8099999999999999, null, null
  ),
  (
    'd14-2025-10', 'd14', 2025, 10,
    1536, 0.69, 0.76,
    0.27, 0.35,
    29, 0.83,
    23885, 0.24,
    11, 0.23,
    0.16, 0.01,
    '',
    0.84, 0.86, null, null
  ),
  (
    'd14-2025-11', 'd14', 2025, 11,
    1449, 0.69, 0.94,
    0.32, 0.49,
    20, 1.34,
    4259, 0.33,
    11, 0.36,
    0.16, 0.01,
    '',
    0.84, 1.04, null, null
  ),
  (
    'd14-2026-1', 'd14', 2026, 1,
    2013, 0.68, 0.84,
    0.12, 0.23,
    41, 0.83,
    8552, 0.27,
    10, 0.19,
    0.17, 0.01,
    '',
    0.8300000000000001, 0.94, null, null
  ),
  (
    'd14-2026-2', 'd14', 2026, 2,
    767, 0.82, 0.81,
    0.19, 0.44,
    46, 0.87,
    19134, 0.45,
    7, 0.39,
    0.1, 0.01,
    '',
    0.97, 0.91, null, null
  ),
  (
    'd15-2025-9', 'd15', 2025, 9,
    516, 0.84, 0.82,
    0.2, 0.16,
    42, 0.78,
    22692, 0.44,
    6, 0.31,
    0.19, 0.01,
    '',
    0.99, 0.9199999999999999, null, null
  ),
  (
    'd15-2025-10', 'd15', 2025, 10,
    754, 0.78, 0.89,
    0.29, 0.3,
    48, 1.14,
    9435, 0.16,
    8, 0.14,
    0.18, 0.01,
    '',
    0.93, 0.99, null, null
  ),
  (
    'd15-2025-11', 'd15', 2025, 11,
    2169, 0.67, 0.96,
    0.12, 0.28,
    52, 0.91,
    7311, 0.47,
    15, 0.37,
    0.12, 0.01,
    '',
    0.8200000000000001, 1.06, null, null
  ),
  (
    'd15-2026-1', 'd15', 2026, 1,
    1203, 0.52, 0.43,
    0.28, 0.25,
    33, 1.24,
    17864, 0.36,
    9, 0.37,
    0.18, 0.01,
    '',
    0.67, 0.53, null, null
  ),
  (
    'd15-2026-2', 'd15', 2026, 2,
    2286, 0.62, 0.79,
    0.2, 0.18,
    50, 0.53,
    13458, 0.35,
    13, 0.12,
    0.17, 0.01,
    '',
    0.77, 0.89, null, null
  ),
  (
    'd16-2025-9', 'd16', 2025, 9,
    557, 0.7, 0.59,
    0.28, 0.23,
    46, 1.36,
    1287, 0.34,
    12, 0.21,
    0.16, 0.01,
    '',
    0.85, 0.69, null, null
  ),
  (
    'd16-2025-10', 'd16', 2025, 10,
    1546, 0.84, 0.78,
    0.2, 0.18,
    17, 0.75,
    23964, 0.41,
    9, 0.3,
    0.11, 0.01,
    '',
    0.99, 0.88, null, null
  ),
  (
    'd16-2025-11', 'd16', 2025, 11,
    1802, 0.77, 0.65,
    0.26, 0.13,
    34, 1.19,
    6668, 0.15,
    13, 0.29,
    0.19, 0.01,
    '',
    0.92, 0.75, null, null
  ),
  (
    'd16-2026-1', 'd16', 2026, 1,
    1044, 0.78, 0.41,
    0.22, 0.19,
    39, 1.09,
    11271, 0.29,
    8, 0.12,
    0.13, 0.01,
    '',
    0.93, 0.51, null, null
  ),
  (
    'd16-2026-2', 'd16', 2026, 2,
    2108, 0.8, 0.59,
    0.24, 0.19,
    41, 0.87,
    14942, 0.35,
    10, 0.11,
    0.13, 0.01,
    '',
    0.9500000000000001, 0.69, null, null
  ),
  (
    'd17-2025-9', 'd17', 2025, 9,
    2304, 0.7, 0.5,
    0.26, 0.48,
    34, 0.73,
    23909, 0.18,
    12, 0.37,
    0.19, 0.01,
    '',
    0.85, 0.6, null, null
  ),
  (
    'd17-2025-10', 'd17', 2025, 10,
    1420, 0.68, 0.9,
    0.22, 0.33,
    53, 0.94,
    22696, 0.38,
    5, 0.37,
    0.12, 0.01,
    '',
    0.8300000000000001, 1, null, null
  ),
  (
    'd17-2025-11', 'd17', 2025, 11,
    1073, 0.87, 0.88,
    0.14, 0.17,
    27, 1.3,
    6640, 0.27,
    11, 0.25,
    0.17, 0.01,
    '',
    1.02, 0.98, null, null
  ),
  (
    'd17-2026-1', 'd17', 2026, 1,
    1595, 0.68, 0.87,
    0.21, 0.34,
    52, 1.28,
    13218, 0.46,
    9, 0.31,
    0.14, 0.01,
    '',
    0.8300000000000001, 0.97, null, null
  ),
  (
    'd17-2026-2', 'd17', 2026, 2,
    1083, 0.59, 0.42,
    0.27, 0.45,
    34, 1.49,
    15636, 0.32,
    13, 0.28,
    0.13, 0.01,
    '',
    0.74, 0.52, null, null
  ),
  (
    'd18-2025-9', 'd18', 2025, 9,
    1786, 0.63, 0.47,
    0.16, 0.47,
    31, 0.56,
    14754, 0.22,
    14, 0.13,
    0.2, 0.01,
    '',
    0.78, 0.57, null, null
  ),
  (
    'd18-2025-10', 'd18', 2025, 10,
    2043, 0.56, 0.65,
    0.31, 0.17,
    20, 0.57,
    8861, 0.39,
    12, 0.17,
    0.15, 0.01,
    '',
    0.7100000000000001, 0.75, null, null
  ),
  (
    'd18-2025-11', 'd18', 2025, 11,
    479, 0.89, 0.65,
    0.15, 0.2,
    21, 0.81,
    5110, 0.15,
    12, 0.21,
    0.19, 0.01,
    '',
    1.04, 0.75, null, null
  ),
  (
    'd18-2026-1', 'd18', 2026, 1,
    1889, 0.63, 0.43,
    0.3, 0.31,
    36, 1.22,
    18318, 0.19,
    6, 0.39,
    0.17, 0.01,
    '',
    0.78, 0.53, null, null
  ),
  (
    'd18-2026-2', 'd18', 2026, 2,
    1068, 0.85, 0.47,
    0.17, 0.47,
    40, 0.85,
    6358, 0.2,
    10, 0.16,
    0.13, 0.01,
    '',
    1, 0.57, null, null
  ),
  (
    'd19-2025-9', 'd19', 2025, 9,
    571, 0.46, 0.8,
    0.33, 0.16,
    23, 0.5,
    11608, 0.47,
    9, 0.11,
    0.12, 0.01,
    '',
    0.61, 0.9, null, null
  ),
  (
    'd19-2025-10', 'd19', 2025, 10,
    534, 0.6, 0.55,
    0.11, 0.1,
    29, 1.35,
    21507, 0.35,
    6, 0.19,
    0.16, 0.01,
    '',
    0.75, 0.65, null, null
  ),
  (
    'd19-2025-11', 'd19', 2025, 11,
    842, 0.45, 0.93,
    0.13, 0.13,
    24, 1.02,
    18676, 0.27,
    12, 0.11,
    0.1, 0.01,
    '',
    0.6, 1.03, null, null
  ),
  (
    'd19-2026-1', 'd19', 2026, 1,
    1679, 0.58, 0.9,
    0.27, 0.15,
    51, 1.26,
    21098, 0.28,
    10, 0.22,
    0.12, 0.01,
    '',
    0.73, 1, null, null
  ),
  (
    'd19-2026-2', 'd19', 2026, 2,
    1049, 0.89, 0.9,
    0.29, 0.35,
    27, 1.44,
    16105, 0.33,
    8, 0.21,
    0.13, 0.01,
    '',
    1.04, 1, null, null
  ),
  (
    'd20-2025-9', 'd20', 2025, 9,
    1621, 0.45, 0.92,
    0.23, 0.23,
    40, 0.73,
    3149, 0.24,
    15, 0.18,
    0.17, 0.01,
    '',
    0.6, 1.02, null, null
  ),
  (
    'd20-2025-10', 'd20', 2025, 10,
    1402, 0.61, 0.96,
    0.14, 0.26,
    43, 0.84,
    4447, 0.29,
    6, 0.15,
    0.2, 0.01,
    '',
    0.76, 1.06, null, null
  ),
  (
    'd20-2025-11', 'd20', 2025, 11,
    739, 0.72, 0.49,
    0.34, 0.13,
    33, 0.52,
    17877, 0.16,
    8, 0.17,
    0.16, 0.01,
    '',
    0.87, 0.59, null, null
  ),
  (
    'd20-2026-1', 'd20', 2026, 1,
    1437, 0.86, 0.89,
    0.21, 0.29,
    38, 0.68,
    11868, 0.18,
    9, 0.35,
    0.12, 0.01,
    '',
    1.01, 0.99, null, null
  ),
  (
    'd20-2026-2', 'd20', 2026, 2,
    1136, 0.51, 0.99,
    0.33, 0.21,
    40, 1.29,
    13207, 0.31,
    13, 0.2,
    0.1, 0.01,
    '',
    0.66, 1.09, null, null
  ),
  (
    'd21-2025-9', 'd21', 2025, 9,
    503, 0.55, 0.49,
    0.15, 0.33,
    50, 0.79,
    8418, 0.46,
    10, 0.19,
    0.19, 0.01,
    '',
    0.7000000000000001, 0.59, null, null
  ),
  (
    'd21-2025-10', 'd21', 2025, 10,
    1967, 0.53, 0.42,
    0.29, 0.18,
    20, 1.18,
    9094, 0.37,
    12, 0.17,
    0.17, 0.01,
    '',
    0.68, 0.52, null, null
  ),
  (
    'd21-2025-11', 'd21', 2025, 11,
    1016, 0.59, 0.83,
    0.3, 0.5,
    22, 1.42,
    20108, 0.26,
    10, 0.11,
    0.19, 0.01,
    '',
    0.74, 0.9299999999999999, null, null
  ),
  (
    'd21-2026-1', 'd21', 2026, 1,
    1283, 0.58, 0.66,
    0.17, 0.21,
    18, 0.79,
    14276, 0.24,
    14, 0.23,
    0.18, 0.01,
    '',
    0.73, 0.76, null, null
  ),
  (
    'd21-2026-2', 'd21', 2026, 2,
    1719, 0.75, 0.73,
    0.11, 0.26,
    17, 1.29,
    9496, 0.24,
    14, 0.34,
    0.15, 0.01,
    '',
    0.9, 0.83, null, null
  ),
  (
    'd22-2025-9', 'd22', 2025, 9,
    1110, 0.79, 0.86,
    0.27, 0.31,
    43, 0.9,
    23830, 0.37,
    11, 0.16,
    0.14, 0.01,
    '',
    0.9400000000000001, 0.96, null, null
  ),
  (
    'd22-2025-10', 'd22', 2025, 10,
    2257, 0.89, 0.8,
    0.28, 0.13,
    35, 0.55,
    10610, 0.38,
    7, 0.39,
    0.16, 0.01,
    '',
    1.04, 0.9, null, null
  ),
  (
    'd22-2025-11', 'd22', 2025, 11,
    2349, 0.64, 0.46,
    0.28, 0.42,
    48, 0.61,
    14793, 0.41,
    12, 0.39,
    0.17, 0.01,
    '',
    0.79, 0.56, null, null
  ),
  (
    'd22-2026-1', 'd22', 2026, 1,
    1345, 0.55, 0.82,
    0.29, 0.17,
    39, 0.55,
    3657, 0.25,
    6, 0.4,
    0.17, 0.01,
    '',
    0.7000000000000001, 0.9199999999999999, null, null
  ),
  (
    'd22-2026-2', 'd22', 2026, 2,
    1203, 0.53, 0.8,
    0.13, 0.21,
    49, 0.52,
    21601, 0.34,
    12, 0.31,
    0.14, 0.01,
    '',
    0.68, 0.9, null, null
  ),
  (
    'd23-2025-9', 'd23', 2025, 9,
    1295, 0.68, 0.72,
    0.3, 0.45,
    36, 0.98,
    5788, 0.26,
    7, 0.11,
    0.12, 0.01,
    '',
    0.8300000000000001, 0.82, null, null
  ),
  (
    'd23-2025-10', 'd23', 2025, 10,
    1365, 0.56, 0.48,
    0.2, 0.11,
    38, 1.27,
    4932, 0.24,
    9, 0.31,
    0.16, 0.01,
    '',
    0.7100000000000001, 0.58, null, null
  ),
  (
    'd23-2025-11', 'd23', 2025, 11,
    1691, 0.9, 0.88,
    0.16, 0.48,
    17, 0.73,
    19636, 0.3,
    6, 0.3,
    0.13, 0.01,
    '',
    1.05, 0.98, null, null
  ),
  (
    'd23-2026-1', 'd23', 2026, 1,
    2000, 0.85, 0.75,
    0.25, 0.5,
    49, 0.91,
    2065, 0.38,
    11, 0.28,
    0.11, 0.01,
    '',
    1, 0.85, null, null
  ),
  (
    'd23-2026-2', 'd23', 2026, 2,
    1495, 0.68, 1,
    0.12, 0.16,
    21, 0.88,
    6573, 0.46,
    5, 0.39,
    0.19, 0.01,
    '',
    0.8300000000000001, 1.1, null, null
  ),
  (
    'd24-2025-9', 'd24', 2025, 9,
    1087, 0.79, 0.66,
    0.3, 0.4,
    19, 0.58,
    19653, 0.29,
    13, 0.18,
    0.12, 0.01,
    '',
    0.9400000000000001, 0.76, null, null
  ),
  (
    'd24-2025-10', 'd24', 2025, 10,
    1964, 0.75, 0.98,
    0.31, 0.42,
    20, 1.01,
    21638, 0.32,
    7, 0.35,
    0.12, 0.01,
    '',
    0.9, 1.08, null, null
  ),
  (
    'd24-2025-11', 'd24', 2025, 11,
    1581, 0.7, 0.93,
    0.32, 0.24,
    51, 0.6,
    10855, 0.45,
    8, 0.1,
    0.16, 0.01,
    '',
    0.85, 1.03, null, null
  ),
  (
    'd24-2026-1', 'd24', 2026, 1,
    2300, 0.73, 0.85,
    0.17, 0.18,
    27, 1.41,
    6870, 0.34,
    6, 0.11,
    0.11, 0.01,
    '',
    0.88, 0.95, null, null
  ),
  (
    'd24-2026-2', 'd24', 2026, 2,
    1728, 0.48, 0.54,
    0.19, 0.45,
    44, 0.65,
    14640, 0.22,
    9, 0.17,
    0.19, 0.01,
    '',
    0.63, 0.64, null, null
  ),
  (
    'd25-2025-9', 'd25', 2025, 9,
    1277, 0.79, 0.61,
    0.34, 0.11,
    32, 1.4,
    19632, 0.38,
    8, 0.2,
    0.14, 0.01,
    '',
    0.9400000000000001, 0.71, null, null
  ),
  (
    'd25-2025-10', 'd25', 2025, 10,
    1193, 0.6, 0.75,
    0.25, 0.42,
    46, 1.44,
    12552, 0.15,
    6, 0.26,
    0.14, 0.01,
    '',
    0.75, 0.85, null, null
  ),
  (
    'd25-2025-11', 'd25', 2025, 11,
    924, 0.85, 0.61,
    0.24, 0.45,
    40, 1.35,
    10747, 0.48,
    8, 0.15,
    0.13, 0.01,
    '',
    1, 0.71, null, null
  ),
  (
    'd25-2026-1', 'd25', 2026, 1,
    499, 0.7, 0.95,
    0.16, 0.4,
    49, 0.56,
    16300, 0.18,
    10, 0.38,
    0.16, 0.01,
    '',
    0.85, 1.05, null, null
  ),
  (
    'd25-2026-2', 'd25', 2026, 2,
    2484, 0.58, 0.87,
    0.25, 0.49,
    38, 0.83,
    24673, 0.31,
    11, 0.27,
    0.17, 0.01,
    '',
    0.73, 0.97, null, null
  ),
  (
    'd26-2025-9', 'd26', 2025, 9,
    1800, 0.45, 0.85,
    0.3, 0.28,
    25, 0.65,
    7516, 0.21,
    5, 0.18,
    0.19, 0.01,
    '',
    0.6, 0.95, null, null
  ),
  (
    'd26-2025-10', 'd26', 2025, 10,
    447, 0.89, 0.62,
    0.29, 0.47,
    53, 0.97,
    13088, 0.15,
    14, 0.27,
    0.18, 0.01,
    '',
    1.04, 0.72, null, null
  ),
  (
    'd26-2025-11', 'd26', 2025, 11,
    1739, 0.81, 0.62,
    0.32, 0.48,
    32, 1.23,
    21748, 0.46,
    14, 0.4,
    0.18, 0.01,
    '',
    0.9600000000000001, 0.72, null, null
  ),
  (
    'd26-2026-1', 'd26', 2026, 1,
    2243, 0.74, 0.76,
    0.31, 0.42,
    47, 1.11,
    20350, 0.46,
    11, 0.17,
    0.14, 0.01,
    '',
    0.89, 0.86, null, null
  ),
  (
    'd26-2026-2', 'd26', 2026, 2,
    2032, 0.63, 0.44,
    0.18, 0.44,
    26, 1.47,
    20977, 0.26,
    13, 0.19,
    0.13, 0.01,
    '',
    0.78, 0.54, null, null
  ),
  (
    'd27-2025-9', 'd27', 2025, 9,
    2408, 0.61, 0.67,
    0.3, 0.3,
    37, 0.89,
    8910, 0.41,
    12, 0.15,
    0.1, 0.01,
    '',
    0.76, 0.77, null, null
  ),
  (
    'd27-2025-10', 'd27', 2025, 10,
    796, 0.85, 0.66,
    0.2, 0.17,
    45, 0.66,
    11588, 0.38,
    9, 0.15,
    0.19, 0.01,
    '',
    1, 0.76, null, null
  ),
  (
    'd27-2025-11', 'd27', 2025, 11,
    452, 0.86, 0.63,
    0.33, 0.26,
    16, 0.92,
    2799, 0.24,
    14, 0.36,
    0.19, 0.01,
    '',
    1.01, 0.73, null, null
  ),
  (
    'd27-2026-1', 'd27', 2026, 1,
    536, 0.85, 0.88,
    0.3, 0.33,
    47, 1.37,
    4181, 0.27,
    11, 0.1,
    0.1, 0.01,
    '',
    1, 0.98, null, null
  ),
  (
    'd27-2026-2', 'd27', 2026, 2,
    2153, 0.68, 0.74,
    0.14, 0.38,
    19, 0.91,
    5121, 0.38,
    11, 0.39,
    0.12, 0.01,
    '',
    0.8300000000000001, 0.84, null, null
  ),
  (
    'd28-2025-9', 'd28', 2025, 9,
    1198, 0.85, 0.96,
    0.29, 0.26,
    53, 1.23,
    17137, 0.23,
    12, 0.27,
    0.18, 0.01,
    '',
    1, 1.06, null, null
  ),
  (
    'd28-2025-10', 'd28', 2025, 10,
    2252, 0.51, 0.92,
    0.16, 0.18,
    48, 1.07,
    23049, 0.27,
    15, 0.18,
    0.15, 0.01,
    '',
    0.66, 1.02, null, null
  ),
  (
    'd28-2025-11', 'd28', 2025, 11,
    2139, 0.51, 0.74,
    0.34, 0.48,
    45, 0.96,
    22463, 0.43,
    9, 0.2,
    0.18, 0.01,
    '',
    0.66, 0.84, null, null
  ),
  (
    'd28-2026-1', 'd28', 2026, 1,
    1593, 0.63, 0.83,
    0.33, 0.25,
    53, 1.13,
    1448, 0.34,
    10, 0.15,
    0.15, 0.01,
    '',
    0.78, 0.9299999999999999, null, null
  ),
  (
    'd28-2026-2', 'd28', 2026, 2,
    1776, 0.49, 0.86,
    0.29, 0.21,
    35, 0.91,
    6525, 0.18,
    11, 0.29,
    0.17, 0.01,
    '',
    0.64, 0.96, null, null
  ),
  (
    'd29-2025-9', 'd29', 2025, 9,
    2122, 0.84, 0.67,
    0.32, 0.32,
    48, 0.58,
    11795, 0.45,
    8, 0.17,
    0.16, 0.01,
    '',
    0.99, 0.77, null, null
  ),
  (
    'd29-2025-10', 'd29', 2025, 10,
    2432, 0.78, 0.94,
    0.23, 0.16,
    47, 1.34,
    8269, 0.3,
    8, 0.25,
    0.17, 0.01,
    '',
    0.93, 1.04, null, null
  ),
  (
    'd29-2025-11', 'd29', 2025, 11,
    2389, 0.6, 0.94,
    0.12, 0.29,
    51, 0.7,
    7002, 0.41,
    11, 0.25,
    0.12, 0.01,
    '',
    0.75, 1.04, null, null
  ),
  (
    'd29-2026-1', 'd29', 2026, 1,
    1485, 0.75, 0.68,
    0.19, 0.4,
    43, 1.21,
    15230, 0.4,
    13, 0.35,
    0.11, 0.01,
    '',
    0.9, 0.78, null, null
  ),
  (
    'd29-2026-2', 'd29', 2026, 2,
    1717, 0.56, 0.78,
    0.16, 0.3,
    22, 0.96,
    22521, 0.45,
    12, 0.26,
    0.14, 0.01,
    '',
    0.7100000000000001, 0.88, null, null
  ),
  (
    'd30-2025-9', 'd30', 2025, 9,
    409, 0.56, 0.46,
    0.22, 0.14,
    54, 0.77,
    1505, 0.41,
    10, 0.15,
    0.11, 0.01,
    '',
    0.7100000000000001, 0.56, null, null
  ),
  (
    'd30-2025-10', 'd30', 2025, 10,
    889, 0.83, 0.48,
    0.28, 0.48,
    30, 1.09,
    24533, 0.31,
    14, 0.37,
    0.16, 0.01,
    '',
    0.98, 0.58, null, null
  ),
  (
    'd30-2025-11', 'd30', 2025, 11,
    2249, 0.47, 0.42,
    0.14, 0.47,
    51, 1.39,
    23296, 0.43,
    11, 0.17,
    0.19, 0.01,
    '',
    0.62, 0.52, null, null
  ),
  (
    'd30-2026-1', 'd30', 2026, 1,
    1408, 0.45, 0.73,
    0.33, 0.19,
    51, 0.54,
    10289, 0.28,
    14, 0.35,
    0.14, 0.01,
    '',
    0.6, 0.83, null, null
  ),
  (
    'd30-2026-2', 'd30', 2026, 2,
    2009, 0.9, 0.83,
    0.26, 0.3,
    35, 1.17,
    15293, 0.49,
    7, 0.33,
    0.2, 0.01,
    '',
    1.05, 0.9299999999999999, null, null
  ),
  (
    'd31-2025-9', 'd31', 2025, 9,
    2273, 0.86, 0.52,
    0.26, 0.11,
    20, 1.35,
    14219, 0.3,
    10, 0.32,
    0.17, 0.01,
    '',
    1.01, 0.62, null, null
  ),
  (
    'd31-2025-10', 'd31', 2025, 10,
    1012, 0.6, 0.61,
    0.24, 0.13,
    28, 1.03,
    18749, 0.25,
    13, 0.18,
    0.19, 0.01,
    '',
    0.75, 0.71, null, null
  ),
  (
    'd31-2025-11', 'd31', 2025, 11,
    2069, 0.84, 0.57,
    0.33, 0.43,
    31, 0.71,
    8529, 0.19,
    11, 0.36,
    0.16, 0.01,
    '',
    0.99, 0.6699999999999999, null, null
  ),
  (
    'd31-2026-1', 'd31', 2026, 1,
    559, 0.49, 0.46,
    0.27, 0.26,
    34, 1.06,
    13477, 0.27,
    5, 0.38,
    0.13, 0.01,
    '',
    0.64, 0.56, null, null
  ),
  (
    'd31-2026-2', 'd31', 2026, 2,
    2337, 0.75, 0.57,
    0.25, 0.34,
    38, 1.34,
    22183, 0.33,
    5, 0.28,
    0.14, 0.01,
    '',
    0.9, 0.6699999999999999, null, null
  ),
  (
    'd32-2025-9', 'd32', 2025, 9,
    2367, 0.54, 0.48,
    0.29, 0.37,
    25, 1.13,
    7960, 0.34,
    7, 0.39,
    0.19, 0.01,
    '',
    0.6900000000000001, 0.58, null, null
  ),
  (
    'd32-2025-10', 'd32', 2025, 10,
    1502, 0.63, 0.94,
    0.16, 0.44,
    40, 0.92,
    13913, 0.44,
    10, 0.2,
    0.14, 0.01,
    '',
    0.78, 1.04, null, null
  ),
  (
    'd32-2025-11', 'd32', 2025, 11,
    2214, 0.76, 0.82,
    0.22, 0.29,
    21, 1,
    11625, 0.49,
    12, 0.29,
    0.2, 0.01,
    '',
    0.91, 0.9199999999999999, null, null
  ),
  (
    'd32-2026-1', 'd32', 2026, 1,
    1937, 0.82, 0.59,
    0.17, 0.22,
    19, 0.64,
    17949, 0.29,
    14, 0.33,
    0.19, 0.01,
    '',
    0.97, 0.69, null, null
  ),
  (
    'd32-2026-2', 'd32', 2026, 2,
    2333, 0.86, 0.42,
    0.15, 0.37,
    18, 0.66,
    20917, 0.32,
    12, 0.11,
    0.19, 0.01,
    '',
    1.01, 0.52, null, null
  ),
  (
    'd33-2025-9', 'd33', 2025, 9,
    1490, 0.63, 0.91,
    0.26, 0.42,
    29, 0.56,
    18803, 0.38,
    9, 0.38,
    0.13, 0.01,
    '',
    0.78, 1.01, null, null
  ),
  (
    'd33-2025-10', 'd33', 2025, 10,
    1277, 0.54, 0.46,
    0.32, 0.42,
    39, 1.39,
    24158, 0.42,
    14, 0.27,
    0.16, 0.01,
    '',
    0.6900000000000001, 0.56, null, null
  ),
  (
    'd33-2025-11', 'd33', 2025, 11,
    2176, 0.48, 0.96,
    0.18, 0.47,
    47, 1.1,
    24579, 0.16,
    14, 0.23,
    0.19, 0.01,
    '',
    0.63, 1.06, null, null
  ),
  (
    'd33-2026-1', 'd33', 2026, 1,
    1105, 0.81, 0.8,
    0.29, 0.35,
    36, 1.48,
    5238, 0.23,
    13, 0.3,
    0.16, 0.01,
    '',
    0.9600000000000001, 0.9, null, null
  ),
  (
    'd33-2026-2', 'd33', 2026, 2,
    1073, 0.77, 0.59,
    0.2, 0.27,
    26, 1.36,
    23522, 0.33,
    11, 0.34,
    0.17, 0.01,
    '',
    0.92, 0.69, null, null
  ),
  (
    'd34-2025-9', 'd34', 2025, 9,
    1207, 0.69, 0.92,
    0.11, 0.24,
    18, 0.8,
    20546, 0.42,
    11, 0.22,
    0.14, 0.01,
    '',
    0.84, 1.02, null, null
  ),
  (
    'd34-2025-10', 'd34', 2025, 10,
    1903, 0.47, 0.47,
    0.26, 0.19,
    35, 0.93,
    19453, 0.44,
    13, 0.25,
    0.11, 0.01,
    '',
    0.62, 0.57, null, null
  ),
  (
    'd34-2025-11', 'd34', 2025, 11,
    757, 0.62, 0.87,
    0.23, 0.43,
    24, 1.12,
    22843, 0.22,
    5, 0.28,
    0.2, 0.01,
    '',
    0.77, 0.97, null, null
  ),
  (
    'd34-2026-1', 'd34', 2026, 1,
    2029, 0.82, 0.59,
    0.24, 0.46,
    17, 1.24,
    13492, 0.25,
    10, 0.18,
    0.2, 0.01,
    '',
    0.97, 0.69, null, null
  ),
  (
    'd34-2026-2', 'd34', 2026, 2,
    1426, 0.67, 0.52,
    0.17, 0.46,
    49, 0.83,
    18303, 0.16,
    14, 0.22,
    0.11, 0.01,
    '',
    0.8200000000000001, 0.62, null, null
  ),
  (
    'd35-2025-9', 'd35', 2025, 9,
    2384, 0.51, 0.82,
    0.28, 0.36,
    27, 0.5,
    1590, 0.25,
    15, 0.18,
    0.16, 0.01,
    '',
    0.66, 0.9199999999999999, null, null
  ),
  (
    'd35-2025-10', 'd35', 2025, 10,
    1802, 0.47, 0.6,
    0.14, 0.21,
    45, 0.9,
    11505, 0.16,
    11, 0.21,
    0.17, 0.01,
    '',
    0.62, 0.7, null, null
  ),
  (
    'd35-2025-11', 'd35', 2025, 11,
    1526, 0.75, 0.42,
    0.27, 0.13,
    55, 1.27,
    12329, 0.23,
    12, 0.27,
    0.13, 0.01,
    '',
    0.9, 0.52, null, null
  ),
  (
    'd35-2026-1', 'd35', 2026, 1,
    1733, 0.66, 0.66,
    0.16, 0.35,
    53, 1.17,
    21097, 0.48,
    12, 0.22,
    0.19, 0.01,
    '',
    0.81, 0.76, null, null
  ),
  (
    'd35-2026-2', 'd35', 2026, 2,
    2164, 0.84, 0.96,
    0.19, 0.37,
    47, 0.87,
    15831, 0.43,
    13, 0.23,
    0.14, 0.01,
    '',
    0.99, 1.06, null, null
  ),
  (
    'd36-2025-9', 'd36', 2025, 9,
    1262, 0.77, 0.94,
    0.27, 0.41,
    51, 0.71,
    19370, 0.36,
    6, 0.3,
    0.12, 0.01,
    '',
    0.92, 1.04, null, null
  ),
  (
    'd36-2025-10', 'd36', 2025, 10,
    2133, 0.49, 0.6,
    0.27, 0.17,
    50, 1.04,
    2692, 0.22,
    10, 0.11,
    0.19, 0.01,
    '',
    0.64, 0.7, null, null
  ),
  (
    'd36-2025-11', 'd36', 2025, 11,
    1327, 0.61, 0.66,
    0.21, 0.43,
    45, 0.67,
    10564, 0.31,
    9, 0.14,
    0.11, 0.01,
    '',
    0.76, 0.76, null, null
  ),
  (
    'd36-2026-1', 'd36', 2026, 1,
    1135, 0.73, 0.62,
    0.35, 0.22,
    43, 1.04,
    5558, 0.38,
    11, 0.1,
    0.15, 0.01,
    '',
    0.88, 0.72, null, null
  ),
  (
    'd36-2026-2', 'd36', 2026, 2,
    1324, 0.87, 0.83,
    0.3, 0.22,
    48, 1.49,
    6422, 0.22,
    10, 0.29,
    0.18, 0.01,
    '',
    1.02, 0.9299999999999999, null, null
  ),
  (
    'd37-2025-9', 'd37', 2025, 9,
    2145, 0.51, 0.57,
    0.17, 0.21,
    44, 1.34,
    17066, 0.19,
    9, 0.35,
    0.17, 0.01,
    '',
    0.66, 0.6699999999999999, null, null
  ),
  (
    'd37-2025-10', 'd37', 2025, 10,
    1521, 0.58, 0.95,
    0.26, 0.14,
    17, 0.99,
    8429, 0.24,
    7, 0.1,
    0.18, 0.01,
    '',
    0.73, 1.05, null, null
  ),
  (
    'd37-2025-11', 'd37', 2025, 11,
    932, 0.53, 0.92,
    0.21, 0.28,
    25, 0.68,
    20967, 0.47,
    11, 0.2,
    0.11, 0.01,
    '',
    0.68, 1.02, null, null
  ),
  (
    'd37-2026-1', 'd37', 2026, 1,
    2399, 0.55, 0.79,
    0.29, 0.36,
    22, 1.34,
    7330, 0.2,
    7, 0.19,
    0.1, 0.01,
    '',
    0.7000000000000001, 0.89, null, null
  ),
  (
    'd37-2026-2', 'd37', 2026, 2,
    2131, 0.64, 0.45,
    0.22, 0.14,
    54, 1.15,
    17504, 0.32,
    5, 0.24,
    0.17, 0.01,
    '',
    0.79, 0.55, null, null
  ),
  (
    'd38-2025-9', 'd38', 2025, 9,
    814, 0.67, 0.7,
    0.16, 0.35,
    39, 1.01,
    5792, 0.41,
    6, 0.3,
    0.13, 0.01,
    '',
    0.8200000000000001, 0.7999999999999999, null, null
  ),
  (
    'd38-2025-10', 'd38', 2025, 10,
    578, 0.57, 0.63,
    0.11, 0.39,
    49, 1.23,
    4132, 0.3,
    10, 0.15,
    0.14, 0.01,
    '',
    0.72, 0.73, null, null
  ),
  (
    'd38-2025-11', 'd38', 2025, 11,
    1121, 0.53, 0.63,
    0.24, 0.12,
    34, 1.39,
    5397, 0.29,
    9, 0.21,
    0.15, 0.01,
    '',
    0.68, 0.73, null, null
  ),
  (
    'd38-2026-1', 'd38', 2026, 1,
    2331, 0.71, 0.52,
    0.16, 0.17,
    43, 1.18,
    12173, 0.42,
    10, 0.39,
    0.19, 0.01,
    '',
    0.86, 0.62, null, null
  ),
  (
    'd38-2026-2', 'd38', 2026, 2,
    621, 0.85, 0.67,
    0.16, 0.23,
    51, 1.49,
    12580, 0.22,
    12, 0.15,
    0.12, 0.01,
    '',
    1, 0.77, null, null
  ),
  (
    'd39-2025-9', 'd39', 2025, 9,
    1815, 0.58, 0.99,
    0.31, 0.23,
    54, 1.18,
    18689, 0.42,
    15, 0.21,
    0.1, 0.01,
    '',
    0.73, 1.09, null, null
  ),
  (
    'd39-2025-10', 'd39', 2025, 10,
    1579, 0.62, 0.95,
    0.2, 0.16,
    27, 1.44,
    13819, 0.17,
    12, 0.26,
    0.12, 0.01,
    '',
    0.77, 1.05, null, null
  ),
  (
    'd39-2025-11', 'd39', 2025, 11,
    1161, 0.55, 0.88,
    0.21, 0.19,
    22, 1.06,
    10314, 0.37,
    6, 0.15,
    0.14, 0.01,
    '',
    0.7000000000000001, 0.98, null, null
  ),
  (
    'd39-2026-1', 'd39', 2026, 1,
    738, 0.53, 0.45,
    0.22, 0.26,
    51, 1.09,
    3892, 0.39,
    9, 0.28,
    0.16, 0.01,
    '',
    0.68, 0.55, null, null
  ),
  (
    'd39-2026-2', 'd39', 2026, 2,
    2129, 0.63, 0.73,
    0.2, 0.12,
    26, 0.55,
    12003, 0.35,
    11, 0.17,
    0.1, 0.01,
    '',
    0.78, 0.83, null, null
  ),
  (
    'd40-2025-9', 'd40', 2025, 9,
    1978, 0.85, 0.81,
    0.1, 0.27,
    49, 1.02,
    24857, 0.29,
    9, 0.24,
    0.14, 0.01,
    '',
    1, 0.91, null, null
  ),
  (
    'd40-2025-10', 'd40', 2025, 10,
    2351, 0.57, 0.82,
    0.19, 0.14,
    46, 1.28,
    16734, 0.41,
    12, 0.16,
    0.13, 0.01,
    '',
    0.72, 0.9199999999999999, null, null
  ),
  (
    'd40-2025-11', 'd40', 2025, 11,
    1451, 0.83, 0.47,
    0.29, 0.27,
    16, 0.59,
    23080, 0.23,
    12, 0.16,
    0.11, 0.01,
    '',
    0.98, 0.57, null, null
  ),
  (
    'd40-2026-1', 'd40', 2026, 1,
    2477, 0.47, 0.87,
    0.12, 0.2,
    50, 1.45,
    8372, 0.15,
    13, 0.19,
    0.14, 0.01,
    '',
    0.62, 0.97, null, null
  ),
  (
    'd40-2026-2', 'd40', 2026, 2,
    1580, 0.88, 0.66,
    0.34, 0.5,
    31, 1.33,
    8715, 0.21,
    6, 0.23,
    0.16, 0.01,
    '',
    1.03, 0.76, null, null
  ),
  (
    'd41-2025-9', 'd41', 2025, 9,
    1267, 0.62, 0.5,
    0.12, 0.35,
    34, 0.8,
    22288, 0.25,
    10, 0.25,
    0.14, 0.01,
    '',
    0.77, 0.6, null, null
  ),
  (
    'd41-2025-10', 'd41', 2025, 10,
    917, 0.9, 0.82,
    0.14, 0.43,
    43, 1.01,
    7048, 0.3,
    6, 0.32,
    0.19, 0.01,
    '',
    1.05, 0.9199999999999999, null, null
  ),
  (
    'd41-2025-11', 'd41', 2025, 11,
    2385, 0.89, 0.67,
    0.16, 0.28,
    16, 0.56,
    22735, 0.19,
    7, 0.15,
    0.12, 0.01,
    '',
    1.04, 0.77, null, null
  ),
  (
    'd41-2026-1', 'd41', 2026, 1,
    2165, 0.79, 0.76,
    0.13, 0.5,
    40, 1.37,
    2491, 0.38,
    14, 0.35,
    0.18, 0.01,
    '',
    0.9400000000000001, 0.86, null, null
  ),
  (
    'd41-2026-2', 'd41', 2026, 2,
    1351, 0.63, 0.65,
    0.27, 0.16,
    31, 0.67,
    10341, 0.48,
    12, 0.13,
    0.16, 0.01,
    '',
    0.78, 0.75, null, null
  ),
  (
    'd42-2025-9', 'd42', 2025, 9,
    1713, 0.5, 0.74,
    0.18, 0.34,
    17, 0.6,
    15566, 0.22,
    11, 0.23,
    0.11, 0.01,
    '',
    0.65, 0.84, null, null
  ),
  (
    'd42-2025-10', 'd42', 2025, 10,
    1768, 0.7, 0.7,
    0.13, 0.19,
    21, 0.57,
    18713, 0.27,
    9, 0.26,
    0.11, 0.01,
    '',
    0.85, 0.7999999999999999, null, null
  ),
  (
    'd42-2025-11', 'd42', 2025, 11,
    1904, 0.57, 0.7,
    0.1, 0.19,
    32, 0.92,
    13307, 0.17,
    7, 0.11,
    0.19, 0.01,
    '',
    0.72, 0.7999999999999999, null, null
  ),
  (
    'd42-2026-1', 'd42', 2026, 1,
    703, 0.67, 0.63,
    0.2, 0.37,
    18, 1.27,
    17925, 0.36,
    9, 0.13,
    0.18, 0.01,
    '',
    0.8200000000000001, 0.73, null, null
  ),
  (
    'd42-2026-2', 'd42', 2026, 2,
    2134, 0.79, 0.77,
    0.12, 0.24,
    55, 1.05,
    11005, 0.46,
    9, 0.33,
    0.16, 0.01,
    '',
    0.9400000000000001, 0.87, null, null
  ),
  (
    'd43-2025-9', 'd43', 2025, 9,
    1668, 0.48, 0.88,
    0.17, 0.41,
    31, 1.05,
    13502, 0.37,
    14, 0.3,
    0.16, 0.01,
    '',
    0.63, 0.98, null, null
  ),
  (
    'd43-2025-10', 'd43', 2025, 10,
    2263, 0.52, 0.6,
    0.11, 0.24,
    34, 1.3,
    3183, 0.45,
    10, 0.24,
    0.14, 0.01,
    '',
    0.67, 0.7, null, null
  ),
  (
    'd43-2025-11', 'd43', 2025, 11,
    434, 0.63, 0.69,
    0.28, 0.37,
    49, 0.54,
    15919, 0.38,
    11, 0.3,
    0.12, 0.01,
    '',
    0.78, 0.7899999999999999, null, null
  ),
  (
    'd43-2026-1', 'd43', 2026, 1,
    690, 0.66, 0.65,
    0.21, 0.32,
    54, 0.7,
    23381, 0.4,
    15, 0.34,
    0.18, 0.01,
    '',
    0.81, 0.75, null, null
  ),
  (
    'd43-2026-2', 'd43', 2026, 2,
    1128, 0.49, 0.69,
    0.34, 0.3,
    23, 0.79,
    7202, 0.32,
    8, 0.22,
    0.2, 0.01,
    '',
    0.64, 0.7899999999999999, null, null
  ),
  (
    'd44-2025-9', 'd44', 2025, 9,
    2253, 0.65, 0.65,
    0.19, 0.21,
    48, 1.06,
    21383, 0.29,
    9, 0.3,
    0.17, 0.01,
    '',
    0.8, 0.75, null, null
  ),
  (
    'd44-2025-10', 'd44', 2025, 10,
    2419, 0.88, 0.47,
    0.11, 0.11,
    20, 0.96,
    17038, 0.47,
    13, 0.26,
    0.1, 0.01,
    '',
    1.03, 0.57, null, null
  ),
  (
    'd44-2025-11', 'd44', 2025, 11,
    768, 0.67, 0.46,
    0.25, 0.29,
    54, 0.68,
    19134, 0.28,
    13, 0.3,
    0.19, 0.01,
    '',
    0.8200000000000001, 0.56, null, null
  ),
  (
    'd44-2026-1', 'd44', 2026, 1,
    2058, 0.53, 0.58,
    0.24, 0.4,
    37, 0.8,
    2707, 0.22,
    7, 0.12,
    0.14, 0.01,
    '',
    0.68, 0.6799999999999999, null, null
  ),
  (
    'd44-2026-2', 'd44', 2026, 2,
    1430, 0.58, 0.64,
    0.26, 0.18,
    27, 1.14,
    18014, 0.45,
    13, 0.24,
    0.1, 0.01,
    '',
    0.73, 0.74, null, null
  ),
  (
    'd45-2025-9', 'd45', 2025, 9,
    986, 0.89, 0.83,
    0.35, 0.22,
    37, 0.84,
    12043, 0.44,
    7, 0.19,
    0.17, 0.01,
    '',
    1.04, 0.9299999999999999, null, null
  ),
  (
    'd45-2025-10', 'd45', 2025, 10,
    754, 0.62, 0.76,
    0.22, 0.41,
    41, 0.82,
    7126, 0.28,
    11, 0.35,
    0.11, 0.01,
    '',
    0.77, 0.86, null, null
  ),
  (
    'd45-2025-11', 'd45', 2025, 11,
    990, 0.54, 0.94,
    0.15, 0.37,
    31, 1.16,
    23911, 0.25,
    11, 0.3,
    0.19, 0.01,
    '',
    0.6900000000000001, 1.04, null, null
  ),
  (
    'd45-2026-1', 'd45', 2026, 1,
    1643, 0.89, 0.52,
    0.16, 0.22,
    44, 0.78,
    19704, 0.19,
    7, 0.37,
    0.14, 0.01,
    '',
    1.04, 0.62, null, null
  ),
  (
    'd45-2026-2', 'd45', 2026, 2,
    2111, 0.89, 0.92,
    0.11, 0.11,
    33, 1.45,
    2495, 0.22,
    10, 0.27,
    0.14, 0.01,
    '',
    1.04, 1.02, null, null
  ),
  (
    'd46-2025-9', 'd46', 2025, 9,
    1006, 0.82, 0.83,
    0.34, 0.18,
    16, 0.66,
    13503, 0.4,
    7, 0.14,
    0.16, 0.01,
    '',
    0.97, 0.9299999999999999, null, null
  ),
  (
    'd46-2025-10', 'd46', 2025, 10,
    2332, 0.83, 0.52,
    0.3, 0.49,
    36, 1.18,
    8670, 0.28,
    12, 0.16,
    0.12, 0.01,
    '',
    0.98, 0.62, null, null
  ),
  (
    'd46-2025-11', 'd46', 2025, 11,
    2151, 0.6, 0.92,
    0.17, 0.46,
    23, 0.82,
    16044, 0.17,
    13, 0.34,
    0.15, 0.01,
    '',
    0.75, 1.02, null, null
  ),
  (
    'd46-2026-1', 'd46', 2026, 1,
    1419, 0.85, 0.98,
    0.16, 0.12,
    54, 0.84,
    14996, 0.4,
    10, 0.21,
    0.19, 0.01,
    '',
    1, 1.08, null, null
  ),
  (
    'd46-2026-2', 'd46', 2026, 2,
    443, 0.75, 0.53,
    0.31, 0.49,
    24, 0.59,
    5498, 0.31,
    6, 0.1,
    0.1, 0.01,
    '',
    0.9, 0.63, null, null
  )
on conflict (id) do nothing;

